{
  "Accéder à /metrics-1" : {
    "transaction" : "Accéder à /metrics-1",
    "sampleCount" : 50,
    "errorCount" : 50,
    "errorPct" : 100.0,
    "meanResTime" : 0.8600000000000002,
    "medianResTime" : 1.0,
    "minResTime" : 0.0,
    "maxResTime" : 5.0,
    "pct1ResTime" : 1.0,
    "pct2ResTime" : 2.4499999999999957,
    "pct3ResTime" : 5.0,
    "throughput" : 5.720169317011784,
    "receivedKBytesPerSec" : 18.260970212218282,
    "sentKBytesPerSec" : 0.0
  },
  "Accéder à /metrics-0" : {
    "transaction" : "Accéder à /metrics-0",
    "sampleCount" : 50,
    "errorCount" : 0,
    "errorPct" : 0.0,
    "meanResTime" : 1.9000000000000004,
    "medianResTime" : 1.0,
    "minResTime" : 0.0,
    "maxResTime" : 16.0,
    "pct1ResTime" : 4.899999999999999,
    "pct2ResTime" : 9.699999999999974,
    "pct3ResTime" : 16.0,
    "throughput" : 5.716245569909684,
    "receivedKBytesPerSec" : 2.0821871070081173,
    "sentKBytesPerSec" : 0.7256952383674403
  },
  "Accéder à /metrics" : {
    "transaction" : "Accéder à /metrics",
    "sampleCount" : 50,
    "errorCount" : 50,
    "errorPct" : 100.0,
    "meanResTime" : 2.9799999999999995,
    "medianResTime" : 2.0,
    "minResTime" : 1.0,
    "maxResTime" : 17.0,
    "pct1ResTime" : 7.799999999999997,
    "pct2ResTime" : 11.599999999999966,
    "pct3ResTime" : 17.0,
    "throughput" : 5.715592135345221,
    "receivedKBytesPerSec" : 20.328307184499316,
    "sentKBytesPerSec" : 0.7256122828074989
  },
  "Total" : {
    "transaction" : "Total",
    "sampleCount" : 400,
    "errorCount" : 200,
    "errorPct" : 50.0,
    "meanResTime" : 35.80750000000001,
    "medianResTime" : 2.0,
    "minResTime" : 0.0,
    "maxResTime" : 1502.0,
    "pct1ResTime" : 73.0,
    "pct2ResTime" : 90.89999999999998,
    "pct3ResTime" : 821.4400000000005,
    "throughput" : 40.86219225661457,
    "receivedKBytesPerSec" : 372.1500217080397,
    "sentKBytesPerSec" : 3.7510215548064156
  },
  "Accéder à Budget-App HTTP" : {
    "transaction" : "Accéder à Budget-App HTTP",
    "sampleCount" : 50,
    "errorCount" : 50,
    "errorPct" : 100.0,
    "meanResTime" : 7.699999999999999,
    "medianResTime" : 3.0,
    "minResTime" : 2.0,
    "maxResTime" : 99.0,
    "pct1ResTime" : 9.899999999999999,
    "pct2ResTime" : 51.79999999999964,
    "pct3ResTime" : 99.0,
    "throughput" : 5.2105043768236765,
    "receivedKBytesPerSec" : 18.496272861087952,
    "sentKBytesPerSec" : 0.6258711312005002
  },
  "Accéder à Budget-App HTTPS" : {
    "transaction" : "Accéder à Budget-App HTTPS",
    "sampleCount" : 50,
    "errorCount" : 0,
    "errorPct" : 0.0,
    "meanResTime" : 76.78000000000002,
    "medianResTime" : 16.0,
    "minResTime" : 12.0,
    "maxResTime" : 766.0,
    "pct1ResTime" : 236.89999999999975,
    "pct2ResTime" : 707.8999999999996,
    "pct3ResTime" : 766.0,
    "throughput" : 5.259282633848743,
    "receivedKBytesPerSec" : 48.279392815819925,
    "sentKBytesPerSec" : 0.6317302382455033
  },
  "Accéder à WordPress" : {
    "transaction" : "Accéder à WordPress",
    "sampleCount" : 50,
    "errorCount" : 0,
    "errorPct" : 0.0,
    "meanResTime" : 189.57999999999993,
    "medianResTime" : 74.5,
    "minResTime" : 53.0,
    "maxResTime" : 1502.0,
    "pct1ResTime" : 612.0999999999999,
    "pct2ResTime" : 1163.7499999999986,
    "pct3ResTime" : 1502.0,
    "throughput" : 5.109339873288372,
    "receivedKBytesPerSec" : 252.7426776772941,
    "sentKBytesPerSec" : 0.6137195355610056
  },
  "Accéder à Budget-App HTTP-1" : {
    "transaction" : "Accéder à Budget-App HTTP-1",
    "sampleCount" : 50,
    "errorCount" : 50,
    "errorPct" : 100.0,
    "meanResTime" : 1.6000000000000005,
    "medianResTime" : 1.0,
    "minResTime" : 0.0,
    "maxResTime" : 16.0,
    "pct1ResTime" : 3.6999999999999957,
    "pct2ResTime" : 8.599999999999966,
    "pct3ResTime" : 16.0,
    "throughput" : 5.2554130754677315,
    "receivedKBytesPerSec" : 16.777290374710955,
    "sentKBytesPerSec" : 0.0
  },
  "Accéder à Budget-App HTTP-0" : {
    "transaction" : "Accéder à Budget-App HTTP-0",
    "sampleCount" : 50,
    "errorCount" : 0,
    "errorPct" : 0.0,
    "meanResTime" : 5.0600000000000005,
    "medianResTime" : 2.0,
    "minResTime" : 1.0,
    "maxResTime" : 85.0,
    "pct1ResTime" : 2.8999999999999986,
    "pct2ResTime" : 41.69999999999972,
    "pct3ResTime" : 85.0,
    "throughput" : 5.211047420531527,
    "receivedKBytesPerSec" : 1.8625423397602916,
    "sentKBytesPerSec" : 0.6259363600833767
  }
}